Mean_Predicted_Probability,Fraction_of_Positives
0.40648312618335086,0.5833333333333334
0.5634424686431885,1.0
0.6328206062316895,0.0
0.8383529509107271,0.8333333333333334
0.9196938276290894,1.0
