Scenario,ROC-AUC,PR-AUC
full_observation,0.7120689655172414,0.8760902188488395
no_dat,0.7120689655172414,0.8760902188488395
no_mri,0.7120689655172414,0.8760902188488395
clinical_only,0.7120689655172414,0.8760902188488395
random_1_drop,0.6689655172413793,0.8464097475568554
